{"epoch": 0, "val_mIOU": 0, "loss": 0, "mIOU": 0, "learning_rate": 0, "_timestamp": 1665475771.1642551, "_runtime": 6.142980098724365, "_step": 0}