{"epoch": 0, "loss": 2.5333733558654785, "mIOU": 0.018435566712970468, "learning_rate": 0.0003997473913212035, "_timestamp": 1665474884.8914173, "_runtime": 13.328609228134155, "_step": 0}