{"epoch": 0, "val_mIOU": 0, "loss": 0, "mIOU": 0, "learning_rate": 0, "_timestamp": 1665475469.0345693, "_runtime": 6.027283191680908, "_step": 0}