{"epoch": 0, "val_mIOU": 0, "loss": 0, "mIOU": 0, "learning_rate": 0, "_timestamp": 1665475534.688162, "_runtime": 6.174371004104614, "_step": 0}